{
  "general": {
    "userAgentRegexes": [],
    "replaceStrings": [],
    "userAgentAdd": "gonative",
    "useWKWebView": true,
    "enableWindowOpen": true,
    "useCrosswalkWebView": false,
    "forceScreenOrientation": "portrait",
    "initialUrl": "https://virtuale-learning.com/AShock.V0.2.4/",
    "appName": "ASHOCK",
    "publicKey": "dwaywa",
    "deviceRegKey": "h6hdbmtgag7mqj0yw8mqq4rj2g",
    "iosBundleId": "io.gonative.ios.dwaywa",
    "androidPackageName": "io.gonative.android.dwaywa"
  },
  "navigation": {
    "iosSettings": {},
    "tabNavigation": {
      "tabSelectionConfig": [
        {
          "id": "1",
          "regex": ""
        }
      ],
      "tabMenus": [
        {
          "items": [
            {
              "subLinks": []
            }
          ],
          "id": "1"
        }
      ]
    },
    "sidebarNavigation": {
      "menuSelectionConfig": {
        "redirectLocations": [
          {
            "regex": null,
            "menuName": "default",
            "loggedIn": false
          },
          {
            "regex": ".*",
            "menuName": "default",
            "loggedIn": true
          }
        ],
        "testURL": null
      },
      "menus": [
        {
          "items": null,
          "name": "default",
          "active": false
        },
        {
          "items": null,
          "name": "loggedIn",
          "active": false
        }
      ]
    },
    "regexInternalExternal": {
      "rules": [
        {
          "regex": "^(?!https?://).*",
          "internal": false
        },
        {
          "regex": "https?://([-\\w]+\\.)*facebook\\.com/login.php.*",
          "internal": true
        },
        {
          "regex": "https?://([-\\w]+\\.)*facebook\\.com/dialog.*",
          "internal": true
        },
        {
          "regex": "https?://([-\\w]+\\.)*facebook\\.com/v1\\.0/.*",
          "internal": true
        },
        {
          "regex": "https?://([-\\w]+\\.)*facebook\\.com/oauth.*",
          "internal": true
        },
        {
          "regex": "https?://([-\\w]+\\.)*facebook\\.com/v2\\.0/.*",
          "internal": true
        },
        {
          "regex": "https?://([-\\w]+\\.)*facebook\\.com/checkpoint.*",
          "internal": true
        },
        {
          "regex": "https?://([-\\w]+\\.)*facebook\\.com.*",
          "internal": true
        },
        {
          "regex": "https?://([-\\w]+\\.)*plus\\.google\\.com/share.*",
          "internal": false
        },
        {
          "regex": "https?://([-\\w]+\\.)*twitter\\.com/.*",
          "internal": false
        },
        {
          "regex": "https?://([-\\w]+\\.)*instagram\\.com/.*",
          "internal": false
        },
        {
          "regex": "https?://maps\\.google\\.com.*",
          "internal": false
        },
        {
          "regex": "https?://([-\\w]+\\.)*linkedin\\.com/.*",
          "internal": false
        },
        {
          "regex": "https?://([-\\w]+\\.)*google\\.com/maps/search/.*",
          "internal": false
        },
        {
          "regex": ".*",
          "internal": true
        }
      ]
    },
    "androidPullToRefresh": false,
    "iosPullToRefresh": true,
    "navigationTitles": {
      "titles": [
        {}
      ]
    },
    "ignorePageFinishedRegexes": [],
    "redirects": [],
    "androidShowRefreshButton": false,
    "iosShowRefreshButton": false,
    "deepLinkDomains": [],
    "navigationLevels": {
      "levels": [
        {}
      ]
    },
    "toolbarNavigation": null
  },
  "styling": {
    "iosLaunchScreen": {
      "backgroundColor": "#FFFFFF",
      "backgroundImage": "https://s3.amazonaws.com/gonativeio/public/ios_launch_screen_background_default_FFFFFF_1_2x2.png"
    },
    "androidLaunchImages": {},
    "transitionInteractiveDelayMax": 0.2,
    "menuAnimationDuration": 0.15,
    "androidShowSplash": true,
    "disableAnimations": false,
    "hideWebviewAlpha": 0.5,
    "icon": "https://gonativeio.s3.amazonaws.com/uploads/91kzcw6716kbu_1542698375967.x-icon",
    "iosHeaderImage": "https://gonativeio.s3.amazonaws.com/uploads/qx4ny7c1c538g_1542698539430.png",
    "showActionBar": false,
    "showNavigationBar": false,
    "iosSidebarFont": "Default",
    "androidHideTitleInActionBar": true,
    "navigationTitleImage": true,
    "iosTheme": "light",
    "androidTheme": "light",
    "androidSidebarBackgroundColor": "#FFFFFF",
    "androidSidebarForegroundColor": "#777777",
    "androidActionBarBackgroundColor": "#bdbdbd",
    "androidActionBarForegroundColor": "#000000",
    "androidPullToRefreshColor": "#777777",
    "androidAccentColor": "#009688",
    "androidSidebarSeparatorColor": "#585858",
    "androidTabBarBackgroundColor": "#bdbdbd",
    "androidTabBarTextColor": "#000000",
    "androidTabBarIndicatorColor": "#000000",
    "iosTitleColor": "#333333",
    "iosTintColor": "#0091fe",
    "iosSidebarTextColor": "#333333",
    "androidStatusBarBackgroundColor": "#909090",
    "navigationTitleImageLocation": "https://gonativeio.s3.amazonaws.com/uploads/13fj1j08x15v2_1542698491843.png",
    "androidHeaderImage": "https://gonativeio.s3.amazonaws.com/uploads/w6c6xqeaab99m_1542698506174.png"
  },
  "forms": {
    "interceptForms": {
      "forms": []
    },
    "search": {},
    "loginConfig": {
      "formInputs": [],
      "formSelector": null,
      "loginIsFirstPage": false
    },
    "signupConfig": {
      "formInputs": [],
      "active": false,
      "formSelector": null
    }
  },
  "permissions": {
    "usesGeolocation": true,
    "androidDownloadToPublicStorage": false,
    "enableWebRTC": false
  },
  "publishing": {},
  "performance": {
    "webviewPools": [
      {
        "urls": [
          {
            "disown": "reload"
          }
        ]
      }
    ]
  },
  "services": {
    "push": {
      "active": false
    },
    "analytics": {
      "active": false
    },
    "parse": {
      "active": false,
      "pushEnabled": false
    },
    "facebook": {
      "active": false
    },
    "oneSignal": {
      "active": false,
      "notificationExtension": false
    },
    "registration": {
      "active": false,
      "endpoints": [
        {
          "url": null,
          "urlRegex": null,
          "dataType": [
            "parse",
            "oneSignal",
            "xtremepush"
          ]
        }
      ]
    }
  }
}